{
  "modelo": "XGBoost-sin-avicena",
  "features_eliminadas": [
    "tiene_avicena"
  ],
  "n_features": 58,
  "best_params": {
    "n_estimators": 372,
    "learning_rate": 0.03937642774457204,
    "max_depth": 6,
    "min_child_weight": 10.428984163361713,
    "subsample": 0.8887228912164657,
    "colsample_bytree": 0.8666027078372297,
    "gamma": 3.2523448716879892,
    "reg_alpha": 0.7853150273233993,
    "reg_lambda": 1.1162030607267182,
    "scale_pos_weight": 3.512917598215352
  },
  "validacion": {
    "modelo": "XGBoost-sin-avicena",
    "AUC_PR": 0.037534532490741464,
    "AUC_ROC": 0.8988551577849647,
    "recall@top0.5%": 0.26686807653575023,
    "recall@top1.0%": 0.33031218529707956,
    "recall@top5.0%": 0.5629405840886204,
    "recall@top10.0%": 0.702920443101712
  },
  "bar_con_avicena": {
    "AUC_PR": 0.038,
    "recall@top10%": 0.704
  },
  "delta_auc_pr": -0.0004654675092585353,
  "delta_recall_top10": -0.001079556898287981
}