{
  "modelo": "XGBoost-tuned-native",
  "auc_pr_val": 0.038,
  "recall_top10": 0.704,
  "shap_muestra": {
    "positivos": 1857,
    "negativos": 40000
  },
  "mean_abs_shap": {
    "n_consultas_T": 1.365198016166687,
    "edad": 1.1602519750595093,
    "REG_1 REG BOGOTA": 0.1647769957780838,
    "tiempo_afiliacion": 0.10868600010871887,
    "IMC": 0.08285000175237656,
    "tiene_avicena": 0.07428299635648727,
    "TENSION_ARTERIAL_SISTOLE": 0.07389900088310242,
    "PERIMETRO_ABDOMINAL": 0.07090400159358978,
    "TALLA": 0.07059700042009354,
    "remision_gine": 0.06427499651908875,
    "MENARQUIA": 0.06167199835181236,
    "TENSION_ARTERIAL_DIASTOLE": 0.061229001730680466,
    "REG_5 REG MEDELLIN": 0.058765001595020294,
    "proxy_menopausia": 0.052531998604536057,
    "REG_3 REG BARRANQUILLA": 0.050923001021146774,
    "REG_4 REG BUCARAMANGA": 0.0346280001103878,
    "hta": 0.034432001411914825,
    "COLESTEROL_LDL": 0.03032499924302101,
    "riesgo_alto": 0.026806000620126724,
    "remision_endo": 0.02446799911558628,
    "COLESTEROL_TOTAL": 0.022238999605178833,
    "REG_6 REG CENTRO ORIENTE": 0.021687999367713928,
    "TRIGLICERIDOS": 0.017007000744342804,
    "delta_COLESTEROL_LDL": 0.016249999403953552,
    "COLESTEROL_HDL": 0.015814999118447304,
    "biopsia": 0.015716999769210815,
    "dm": 0.015647999942302704,
    "ZONA_R": 0.011291000060737133,
    "MENARQUIA_disponible": 0.008554000407457352,
    "HEMOGLOBINA_GLICOSILADA": 0.008476999588310719,
    "REG_2 REG CALI": 0.00829899962991476,
    "delta_TRIGLICERIDOS": 0.007949000224471092,
    "cancer": 0.007441999856382608,
    "delta_COLESTEROL_LDL_disponible": 0.006068000104278326,
    "delta_COLESTEROL_TOTAL": 0.0042050001211464405,
    "delta_TRIGLICERIDOS_disponible": 0.00407300004735589,
    "FUMA_O_HA_FUMADO": 0.003415999934077263,
    "delta_HEMOGLOBINA_GLICOSILADA": 0.002940000034868717,
    "PERIMETRO_ABDOMINAL_disponible": 0.00266700005158782,
    "COLESTEROL_LDL_disponible": 0.0026179999113082886,
    "riesgo_alto_disponible": 0.0023690001107752323,
    "delta_COLESTEROL_HDL_disponible": 0.0022410000674426556,
    "imc_disponible": 0.0021359999664127827,
    "TALLA_disponible": 0.0020210000220686197,
    "TENSION_ARTERIAL_SISTOLE_disponible": 0.001986999996006489,
    "delta_COLESTEROL_HDL": 0.0019529999699443579,
    "ZONA_U": 0.0018680000212043524,
    "delta_HEMOGLOBINA_GLICOSILADA_disponible": 0.0013899999903514981,
    "delta_COLESTEROL_TOTAL_disponible": 0.0012600000482052565,
    "COLESTEROL_TOTAL_disponible": 0.0007600000244565308,
    "COLESTEROL_HDL_disponible": 0.00015700000221841037,
    "HEMOGLOBINA_GLICOSILADA_disponible": 0.0001340000017080456,
    "ES_HA_SIDO_FUMADOR_PASIVO": 0.00012599999899975955,
    "familiar_cancer": 1.700000029813964e-05,
    "TENSION_ARTERIAL_DIASTOLE_disponible": 0.0,
    "TRIGLICERIDOS_disponible": 0.0,
    "COCINA_RECINTO_CERRADO": 0.0,
    "familiar_cancer_mama": 0.0,
    "familiar_mama": 0.0
  },
  "top10_features": [
    "n_consultas_T",
    "edad",
    "REG_1 REG BOGOTA",
    "tiempo_afiliacion",
    "IMC",
    "tiene_avicena",
    "TENSION_ARTERIAL_SISTOLE",
    "PERIMETRO_ABDOMINAL",
    "TALLA",
    "remision_gine"
  ],
  "bottom10_features": [
    "COLESTEROL_TOTAL_disponible",
    "COLESTEROL_HDL_disponible",
    "HEMOGLOBINA_GLICOSILADA_disponible",
    "ES_HA_SIDO_FUMADOR_PASIVO",
    "familiar_cancer",
    "TENSION_ARTERIAL_DIASTOLE_disponible",
    "TRIGLICERIDOS_disponible",
    "COCINA_RECINTO_CERRADO",
    "familiar_cancer_mama",
    "familiar_mama"
  ]
}